source;target;weight;sha1;average_hash
RAPMAGHollande;philipo6975;4;525f88fdb78ecdad323622fd74b64cd6376f04f1;0000000000000000
ObsGender;RCorler;1;21f5f2f829719762feba6a7cf1543438f772990a;0000ffff00207c7c
LeTelegramme;titrespresse;3;cdd1aa7293548cb225dcec5f63202a36ee6c4e3c;00181818180cccdc
lemoteur_trends;toptrendpreprod;1;b3edd40fe3cc63c9865df879ec2d55b03bc978c2;0022fbfffffbc988
PolitiqueDirect;PolitiqueInfos;1;0bb2a3150b1a28944dd3aad69ef5008e30f84667;002f1f1f1f1f7f00
PolitiqueDirect;infoPolitique;1;0bb2a3150b1a28944dd3aad69ef5008e30f84667;002f1f1f1f1f7f00
PolitiqueInfos;infoPolitique;1;0bb2a3150b1a28944dd3aad69ef5008e30f84667;002f1f1f1f1f7f00
Europe1;stefrossiyellow;5;ee4130859953b5b5844fb7d471287173c82befed;0034feff7d1c1c1e
Europe1;JeanLogronos;5;ee4130859953b5b5844fb7d471287173c82befed;0034feff7d1c1c1e
JeanLogronos;stefrossiyellow;5;ee4130859953b5b5844fb7d471287173c82befed;0034feff7d1c1c1e
Europe1;Fawkes_Family;1;ee4130859953b5b5844fb7d471287173c82befed;0034feff7d1c1c1e
Fawkes_Family;stefrossiyellow;1;ee4130859953b5b5844fb7d471287173c82befed;0034feff7d1c1c1e
Fawkes_Family;JeanLogronos;1;ee4130859953b5b5844fb7d471287173c82befed;0034feff7d1c1c1e
NicolasTJ;davidperrotin;1;4a111b4df1130275ebb8dbe39c89e4be16ee7e3b;003f7fffffbfbf00
MoloQc;aufeminin;2;1b69cdd99dd3d193f3754dea4865d21fe8065ee7;0066667e7e3e1c1c
TeamSarkozy_;stephane_unicom;1;bf86135e122ebca36fcc221f9c0d7fa38c4ab11c;00dc787e3e7f7f7e
Kampuchea;stephane_unicom;1;bf86135e122ebca36fcc221f9c0d7fa38c4ab11c;00dc787e3e7f7f7e
Kampuchea;TeamSarkozy_;1;bf86135e122ebca36fcc221f9c0d7fa38c4ab11c;00dc787e3e7f7f7e
GuillaumeS06;stephane_unicom;1;7a2aa4d63840c65057a88cb17186d5e2de33ac68;00dc787e3e7f7f7e
GuillaumeS06;TeamSarkozy_;1;7a2aa4d63840c65057a88cb17186d5e2de33ac68;00dc787e3e7f7f7e
GuillaumeS06;Kampuchea;1;7a2aa4d63840c65057a88cb17186d5e2de33ac68;00dc787e3e7f7f7e
InTheFameFR;NathBlog;1;132711cefadf851b6a26c8531bc45f8e07889fc2;00f9ffff8af0f000
JAUDY;Makitapen;1;c52a9ff2530a93a620bf0f7b9f26219745770ce1;00ffef253139fdff
coolmadgick1;guireferee;1;aae1fbca4d833f41e8650fa4a509cd82b4200579;00ffffffffffff00
Adrienne2_0;coolmadgick1;1;0e201bc456c71072962f464e172619a6b190ba30;00ffffffffffff00
Adrienne2_0;guireferee;1;0e201bc456c71072962f464e172619a6b190ba30;00ffffffffffff00
J_de_Rubempre;coolmadgick1;1;48683a1e8af073e238322d800b6a0ede2653801d;00ffffffffffff00
J_de_Rubempre;guireferee;1;48683a1e8af073e238322d800b6a0ede2653801d;00ffffffffffff00
Adrienne2_0;J_de_Rubempre;1;48683a1e8af073e238322d800b6a0ede2653801d;00ffffffffffff00
Doespirito;Valeurs;2;4d71bd1f7b262724ca2064629da82ced7e349761;010f0d070105e6e6
OuestFrance;PSimonOF;2;078d0796a4fad5c425fe47508009de8ac9b957ba;02020ec6c797ff3f
OuestFrance;titrespresse;2;eb1fd366fdd1a25eec87ecd6aac024a6e85874c5;02020ec6c797ff3f
PSimonOF;titrespresse;1;eb1fd366fdd1a25eec87ecd6aac024a6e85874c5;02020ec6c797ff3f
Fanysum;OuestFrance;2;bc7f14551f40258ac547c2dce64feb77437e1ba3;02020ec6c797ff3f
Fanysum;PSimonOF;1;bc7f14551f40258ac547c2dce64feb77437e1ba3;02020ec6c797ff3f
Fanysum;titrespresse;1;bc7f14551f40258ac547c2dce64feb77437e1ba3;02020ec6c797ff3f
OuestFrance;emmanuelmauger;2;0794c44eed0406dcb8cb305be31f339c3c8fb933;02020ec6c797ff3f
PSimonOF;emmanuelmauger;1;0794c44eed0406dcb8cb305be31f339c3c8fb933;02020ec6c797ff3f
emmanuelmauger;titrespresse;1;0794c44eed0406dcb8cb305be31f339c3c8fb933;02020ec6c797ff3f
Fanysum;emmanuelmauger;1;0794c44eed0406dcb8cb305be31f339c3c8fb933;02020ec6c797ff3f
Limportant_fr;monde_libre;6;f9dc2d910e6c48cdc6665cfbfd4eb977337adfd4;02020ec6c7b7ff3f
_Centaure;monde_libre;1;7969cce2771c5059c1924d8c0bc965c90b0910ed;02020ec6c7b7ff3f
Limportant_fr;_Centaure;11;7969cce2771c5059c1924d8c0bc965c90b0910ed;02020ec6c7b7ff3f
monde_libre;perlici1;1;d6417dbb9d83d336766b11c26a5736cee76fc993;02020ec6c7b7ff3f
Limportant_fr;perlici1;6;d6417dbb9d83d336766b11c26a5736cee76fc993;02020ec6c7b7ff3f
_Centaure;perlici1;1;d6417dbb9d83d336766b11c26a5736cee76fc993;02020ec6c7b7ff3f
monde_libre;revuedepresse30;3;7969cce2771c5059c1924d8c0bc965c90b0910ed;02020ec6c7b7ff3f
Limportant_fr;revuedepresse30;6;7969cce2771c5059c1924d8c0bc965c90b0910ed;02020ec6c7b7ff3f
_Centaure;revuedepresse30;1;7969cce2771c5059c1924d8c0bc965c90b0910ed;02020ec6c7b7ff3f
perlici1;revuedepresse30;1;7969cce2771c5059c1924d8c0bc965c90b0910ed;02020ec6c7b7ff3f
BWBreaking;MastaKongo;1;12782e3dca82ea73b1c56287bc13893e9062595e;020602030f0f0f0f
PerloTwitt;Rue89;1;cb5df80aaf0d503590020435ae12131b9b39dca3;020ec68787b7ff3e
1001portails;PerloTwitt;1;774c9bea3be28ff1e7512dde4388e0ed06060920;020ec68787b7ff3e
1001portails;Rue89;1;774c9bea3be28ff1e7512dde4388e0ed06060920;020ec68787b7ff3e
PerloTwitt;webissimo;1;774c9bea3be28ff1e7512dde4388e0ed06060920;020ec68787b7ff3e
Rue89;webissimo;1;774c9bea3be28ff1e7512dde4388e0ed06060920;020ec68787b7ff3e
1001portails;webissimo;1;774c9bea3be28ff1e7512dde4388e0ed06060920;020ec68787b7ff3e
PerloTwitt;team_wifiscan;1;774c9bea3be28ff1e7512dde4388e0ed06060920;020ec68787b7ff3e
Rue89;team_wifiscan;1;774c9bea3be28ff1e7512dde4388e0ed06060920;020ec68787b7ff3e
1001portails;team_wifiscan;1;774c9bea3be28ff1e7512dde4388e0ed06060920;020ec68787b7ff3e
team_wifiscan;webissimo;1;774c9bea3be28ff1e7512dde4388e0ed06060920;020ec68787b7ff3e
Fawkes_Family;lobs;2;8f8ab3aa8cb13f4e4a7c7a5d890865d87a6c4a73;020ec6c787b7ff3e
1001portails;lobs;2;8f8ab3aa8cb13f4e4a7c7a5d890865d87a6c4a73;020ec6c787b7ff3e
1001portails;Fawkes_Family;1;8f8ab3aa8cb13f4e4a7c7a5d890865d87a6c4a73;020ec6c787b7ff3e
fabienmorin;khad_et_belem;1;95136cf333ca77fdd6bfe3d1cffd9dd299446b4b;02236bcdffe5e5f8
Gardien_du_PAF;cavousf5;1;e30c2a70bc74a2fadc764e20705824710ce2ef87;03013c3c18000003
AleteiaFR;InfoCatho;5;51ed87968a7afdca50f8d303743fc3b4b07dc28f;050080c4c7070707
LaTarzanne;_LeNantais;1;fd08b4214d0a5da8e447ea684a16c98d7e99e483;061c7c786042187f
LaTarzanne;dr_publisher1;1;cdd1ebda508b83843e92dcfb854578f16626c8f1;061c7c786042187f
_LeNantais;dr_publisher1;1;cdd1ebda508b83843e92dcfb854578f16626c8f1;061c7c786042187f
LaTarzanne;titrespresse;1;cdd1ebda508b83843e92dcfb854578f16626c8f1;061c7c786042187f
_LeNantais;titrespresse;1;cdd1ebda508b83843e92dcfb854578f16626c8f1;061c7c786042187f
dr_publisher1;titrespresse;1;cdd1ebda508b83843e92dcfb854578f16626c8f1;061c7c786042187f
Le_Che7;lsenegalo;1;31f26ced9d71b2b56cf91716faf9099dd28709a1;077c01e3677f013f
NouvelGenerales;sabinetrotoux1;1;836deba9b42073b881753b9b5709976e3dce7eac;084cc0024607070f
Massai_news;NouvelGenerales;1;836deba9b42073b881753b9b5709976e3dce7eac;084cc0024607070f
Massai_news;sabinetrotoux1;2;836deba9b42073b881753b9b5709976e3dce7eac;084cc0024607070f
1001portails;NouvelGenerales;3;836deba9b42073b881753b9b5709976e3dce7eac;084cc0024607070f
1001portails;sabinetrotoux1;1;836deba9b42073b881753b9b5709976e3dce7eac;084cc0024607070f
1001portails;Massai_news;1;836deba9b42073b881753b9b5709976e3dce7eac;084cc0024607070f
C_Panache;JohnJLMarshall;1;27de9961550dc1c6426009ebf8e4407ba86bb368;0b1b1b1b1b1b1f1f
VlaPoutine;monde_libre;1;bcf3996615ccf4cb6aee94f6fcc1ab3288f7f4ff;0c3ef0f1fb7e3e3c
CyberActualite;titrespresse;3;dccf2d3b8be71d34f17e282e4df32da6abb965df;0ce8c0024607070f
CyberActualite;LePoint;1;01bb2d1f0f1547b472103600c5265e6099eb8163;0ce8c0024607070f
LePoint;titrespresse;2;01bb2d1f0f1547b472103600c5265e6099eb8163;0ce8c0024607070f
Le_Figaro;TheScream666;14;faf309c112910abc986332005b889cbe941a45ce;0e02040323a3fbdf
3bdalkremaldoba;TheScream666;3;faf309c112910abc986332005b889cbe941a45ce;0e02040323a3fbdf
3bdalkremaldoba;Le_Figaro;3;faf309c112910abc986332005b889cbe941a45ce;0e02040323a3fbdf
AleteiaFR;TheScream666;6;c6aafe396d0ac3e5a62b4ac0810c6bb27fd6c7a3;0e02040323a3fbdf
AleteiaFR;Le_Figaro;6;c6aafe396d0ac3e5a62b4ac0810c6bb27fd6c7a3;0e02040323a3fbdf
3bdalkremaldoba;AleteiaFR;2;c6aafe396d0ac3e5a62b4ac0810c6bb27fd6c7a3;0e02040323a3fbdf
BlackSam242;TheScream666;3;faf309c112910abc986332005b889cbe941a45ce;0e02040323a3fbdf
BlackSam242;Le_Figaro;3;faf309c112910abc986332005b889cbe941a45ce;0e02040323a3fbdf
3bdalkremaldoba;BlackSam242;1;faf309c112910abc986332005b889cbe941a45ce;0e02040323a3fbdf
AleteiaFR;BlackSam242;2;faf309c112910abc986332005b889cbe941a45ce;0e02040323a3fbdf
MSNFrance;TheScream666;3;520ca9dfe5986e1ef1c0510f3424ad3c49d4e10a;0e02040323a3fbdf
Le_Figaro;MSNFrance;3;520ca9dfe5986e1ef1c0510f3424ad3c49d4e10a;0e02040323a3fbdf
3bdalkremaldoba;MSNFrance;1;520ca9dfe5986e1ef1c0510f3424ad3c49d4e10a;0e02040323a3fbdf
AleteiaFR;MSNFrance;2;520ca9dfe5986e1ef1c0510f3424ad3c49d4e10a;0e02040323a3fbdf
BlackSam242;MSNFrance;1;520ca9dfe5986e1ef1c0510f3424ad3c49d4e10a;0e02040323a3fbdf
QuantinGregory;TheScream666;3;d548051591154af640e6fda53e21e2b294c7b334;0e02040323a3fbdf
Le_Figaro;QuantinGregory;3;d548051591154af640e6fda53e21e2b294c7b334;0e02040323a3fbdf
3bdalkremaldoba;QuantinGregory;1;d548051591154af640e6fda53e21e2b294c7b334;0e02040323a3fbdf
AleteiaFR;QuantinGregory;2;d548051591154af640e6fda53e21e2b294c7b334;0e02040323a3fbdf
BlackSam242;QuantinGregory;1;d548051591154af640e6fda53e21e2b294c7b334;0e02040323a3fbdf
MSNFrance;QuantinGregory;1;d548051591154af640e6fda53e21e2b294c7b334;0e02040323a3fbdf
3mranalroesan;TheScream666;3;faf309c112910abc986332005b889cbe941a45ce;0e02040323a3fbdf
3mranalroesan;Le_Figaro;3;faf309c112910abc986332005b889cbe941a45ce;0e02040323a3fbdf
3bdalkremaldoba;3mranalroesan;1;faf309c112910abc986332005b889cbe941a45ce;0e02040323a3fbdf
3mranalroesan;AleteiaFR;2;faf309c112910abc986332005b889cbe941a45ce;0e02040323a3fbdf
3mranalroesan;BlackSam242;1;faf309c112910abc986332005b889cbe941a45ce;0e02040323a3fbdf
3mranalroesan;MSNFrance;1;faf309c112910abc986332005b889cbe941a45ce;0e02040323a3fbdf
3mranalroesan;QuantinGregory;1;faf309c112910abc986332005b889cbe941a45ce;0e02040323a3fbdf
TheScream666;med391986;3;b702dc084c8de53dfc06ebcf23fd4a5bc7ad3199;0e02040323a3fbdf
Le_Figaro;med391986;3;b702dc084c8de53dfc06ebcf23fd4a5bc7ad3199;0e02040323a3fbdf
3bdalkremaldoba;med391986;1;b702dc084c8de53dfc06ebcf23fd4a5bc7ad3199;0e02040323a3fbdf
AleteiaFR;med391986;2;b702dc084c8de53dfc06ebcf23fd4a5bc7ad3199;0e02040323a3fbdf
BlackSam242;med391986;1;b702dc084c8de53dfc06ebcf23fd4a5bc7ad3199;0e02040323a3fbdf
MSNFrance;med391986;1;b702dc084c8de53dfc06ebcf23fd4a5bc7ad3199;0e02040323a3fbdf
QuantinGregory;med391986;1;b702dc084c8de53dfc06ebcf23fd4a5bc7ad3199;0e02040323a3fbdf
3mranalroesan;med391986;1;b702dc084c8de53dfc06ebcf23fd4a5bc7ad3199;0e02040323a3fbdf
TheScream666;donboscoportal;3;3aab763b72b9d2fff187b7eb5e05a4e4a8b206c3;0e02040323a3fbdf
Le_Figaro;donboscoportal;3;3aab763b72b9d2fff187b7eb5e05a4e4a8b206c3;0e02040323a3fbdf
3bdalkremaldoba;donboscoportal;1;3aab763b72b9d2fff187b7eb5e05a4e4a8b206c3;0e02040323a3fbdf
AleteiaFR;donboscoportal;2;3aab763b72b9d2fff187b7eb5e05a4e4a8b206c3;0e02040323a3fbdf
BlackSam242;donboscoportal;1;3aab763b72b9d2fff187b7eb5e05a4e4a8b206c3;0e02040323a3fbdf
MSNFrance;donboscoportal;1;3aab763b72b9d2fff187b7eb5e05a4e4a8b206c3;0e02040323a3fbdf
QuantinGregory;donboscoportal;1;3aab763b72b9d2fff187b7eb5e05a4e4a8b206c3;0e02040323a3fbdf
3mranalroesan;donboscoportal;1;3aab763b72b9d2fff187b7eb5e05a4e4a8b206c3;0e02040323a3fbdf
donboscoportal;med391986;1;3aab763b72b9d2fff187b7eb5e05a4e4a8b206c3;0e02040323a3fbdf
TheScream666;iyad_shami;3;d548051591154af640e6fda53e21e2b294c7b334;0e02040323a3fbdf
Le_Figaro;iyad_shami;3;d548051591154af640e6fda53e21e2b294c7b334;0e02040323a3fbdf
3bdalkremaldoba;iyad_shami;1;d548051591154af640e6fda53e21e2b294c7b334;0e02040323a3fbdf
AleteiaFR;iyad_shami;2;d548051591154af640e6fda53e21e2b294c7b334;0e02040323a3fbdf
BlackSam242;iyad_shami;1;d548051591154af640e6fda53e21e2b294c7b334;0e02040323a3fbdf
MSNFrance;iyad_shami;1;d548051591154af640e6fda53e21e2b294c7b334;0e02040323a3fbdf
QuantinGregory;iyad_shami;1;d548051591154af640e6fda53e21e2b294c7b334;0e02040323a3fbdf
3mranalroesan;iyad_shami;1;d548051591154af640e6fda53e21e2b294c7b334;0e02040323a3fbdf
iyad_shami;med391986;1;d548051591154af640e6fda53e21e2b294c7b334;0e02040323a3fbdf
donboscoportal;iyad_shami;1;d548051591154af640e6fda53e21e2b294c7b334;0e02040323a3fbdf
TheScream666;socialgnmedia;3;d548051591154af640e6fda53e21e2b294c7b334;0e02040323a3fbdf
Le_Figaro;socialgnmedia;3;d548051591154af640e6fda53e21e2b294c7b334;0e02040323a3fbdf
3bdalkremaldoba;socialgnmedia;1;d548051591154af640e6fda53e21e2b294c7b334;0e02040323a3fbdf
AleteiaFR;socialgnmedia;2;d548051591154af640e6fda53e21e2b294c7b334;0e02040323a3fbdf
BlackSam242;socialgnmedia;1;d548051591154af640e6fda53e21e2b294c7b334;0e02040323a3fbdf
MSNFrance;socialgnmedia;1;d548051591154af640e6fda53e21e2b294c7b334;0e02040323a3fbdf
QuantinGregory;socialgnmedia;1;d548051591154af640e6fda53e21e2b294c7b334;0e02040323a3fbdf
3mranalroesan;socialgnmedia;1;d548051591154af640e6fda53e21e2b294c7b334;0e02040323a3fbdf
med391986;socialgnmedia;1;d548051591154af640e6fda53e21e2b294c7b334;0e02040323a3fbdf
donboscoportal;socialgnmedia;1;d548051591154af640e6fda53e21e2b294c7b334;0e02040323a3fbdf
iyad_shami;socialgnmedia;1;d548051591154af640e6fda53e21e2b294c7b334;0e02040323a3fbdf
LebbosBarbara;TheScream666;3;d548051591154af640e6fda53e21e2b294c7b334;0e02040323a3fbdf
Le_Figaro;LebbosBarbara;3;d548051591154af640e6fda53e21e2b294c7b334;0e02040323a3fbdf
3bdalkremaldoba;LebbosBarbara;1;d548051591154af640e6fda53e21e2b294c7b334;0e02040323a3fbdf
AleteiaFR;LebbosBarbara;2;d548051591154af640e6fda53e21e2b294c7b334;0e02040323a3fbdf
BlackSam242;LebbosBarbara;1;d548051591154af640e6fda53e21e2b294c7b334;0e02040323a3fbdf
LebbosBarbara;MSNFrance;1;d548051591154af640e6fda53e21e2b294c7b334;0e02040323a3fbdf
LebbosBarbara;QuantinGregory;1;d548051591154af640e6fda53e21e2b294c7b334;0e02040323a3fbdf
3mranalroesan;LebbosBarbara;1;d548051591154af640e6fda53e21e2b294c7b334;0e02040323a3fbdf
LebbosBarbara;med391986;1;d548051591154af640e6fda53e21e2b294c7b334;0e02040323a3fbdf
LebbosBarbara;donboscoportal;1;d548051591154af640e6fda53e21e2b294c7b334;0e02040323a3fbdf
LebbosBarbara;iyad_shami;1;d548051591154af640e6fda53e21e2b294c7b334;0e02040323a3fbdf
LebbosBarbara;socialgnmedia;1;d548051591154af640e6fda53e21e2b294c7b334;0e02040323a3fbdf
LOrientLeJour;TheScream666;3;d548051591154af640e6fda53e21e2b294c7b334;0e02040323a3fbdf
LOrientLeJour;Le_Figaro;3;d548051591154af640e6fda53e21e2b294c7b334;0e02040323a3fbdf
3bdalkremaldoba;LOrientLeJour;1;d548051591154af640e6fda53e21e2b294c7b334;0e02040323a3fbdf
AleteiaFR;LOrientLeJour;2;d548051591154af640e6fda53e21e2b294c7b334;0e02040323a3fbdf
BlackSam242;LOrientLeJour;1;d548051591154af640e6fda53e21e2b294c7b334;0e02040323a3fbdf
LOrientLeJour;MSNFrance;1;d548051591154af640e6fda53e21e2b294c7b334;0e02040323a3fbdf
LOrientLeJour;QuantinGregory;1;d548051591154af640e6fda53e21e2b294c7b334;0e02040323a3fbdf
3mranalroesan;LOrientLeJour;1;d548051591154af640e6fda53e21e2b294c7b334;0e02040323a3fbdf
LOrientLeJour;med391986;1;d548051591154af640e6fda53e21e2b294c7b334;0e02040323a3fbdf
LOrientLeJour;donboscoportal;1;d548051591154af640e6fda53e21e2b294c7b334;0e02040323a3fbdf
LOrientLeJour;iyad_shami;1;d548051591154af640e6fda53e21e2b294c7b334;0e02040323a3fbdf
LOrientLeJour;socialgnmedia;1;d548051591154af640e6fda53e21e2b294c7b334;0e02040323a3fbdf
LOrientLeJour;LebbosBarbara;1;d548051591154af640e6fda53e21e2b294c7b334;0e02040323a3fbdf
TheScream666;nassdany;3;d548051591154af640e6fda53e21e2b294c7b334;0e02040323a3fbdf
Le_Figaro;nassdany;3;d548051591154af640e6fda53e21e2b294c7b334;0e02040323a3fbdf
3bdalkremaldoba;nassdany;1;d548051591154af640e6fda53e21e2b294c7b334;0e02040323a3fbdf
AleteiaFR;nassdany;2;d548051591154af640e6fda53e21e2b294c7b334;0e02040323a3fbdf
BlackSam242;nassdany;1;d548051591154af640e6fda53e21e2b294c7b334;0e02040323a3fbdf
MSNFrance;nassdany;1;d548051591154af640e6fda53e21e2b294c7b334;0e02040323a3fbdf
QuantinGregory;nassdany;1;d548051591154af640e6fda53e21e2b294c7b334;0e02040323a3fbdf
3mranalroesan;nassdany;1;d548051591154af640e6fda53e21e2b294c7b334;0e02040323a3fbdf
med391986;nassdany;1;d548051591154af640e6fda53e21e2b294c7b334;0e02040323a3fbdf
donboscoportal;nassdany;1;d548051591154af640e6fda53e21e2b294c7b334;0e02040323a3fbdf
iyad_shami;nassdany;1;d548051591154af640e6fda53e21e2b294c7b334;0e02040323a3fbdf
nassdany;socialgnmedia;1;d548051591154af640e6fda53e21e2b294c7b334;0e02040323a3fbdf
LebbosBarbara;nassdany;1;d548051591154af640e6fda53e21e2b294c7b334;0e02040323a3fbdf
LOrientLeJour;nassdany;1;d548051591154af640e6fda53e21e2b294c7b334;0e02040323a3fbdf
InfoCatho;TheScream666;3;10465de354c2216fe61eb95c3d0fd7d810ec2d45;0e02040323a3fbdf
InfoCatho;Le_Figaro;3;10465de354c2216fe61eb95c3d0fd7d810ec2d45;0e02040323a3fbdf
3bdalkremaldoba;InfoCatho;1;10465de354c2216fe61eb95c3d0fd7d810ec2d45;0e02040323a3fbdf
BlackSam242;InfoCatho;1;10465de354c2216fe61eb95c3d0fd7d810ec2d45;0e02040323a3fbdf
InfoCatho;MSNFrance;1;10465de354c2216fe61eb95c3d0fd7d810ec2d45;0e02040323a3fbdf
InfoCatho;QuantinGregory;1;10465de354c2216fe61eb95c3d0fd7d810ec2d45;0e02040323a3fbdf
3mranalroesan;InfoCatho;1;10465de354c2216fe61eb95c3d0fd7d810ec2d45;0e02040323a3fbdf
InfoCatho;med391986;1;10465de354c2216fe61eb95c3d0fd7d810ec2d45;0e02040323a3fbdf
InfoCatho;donboscoportal;1;10465de354c2216fe61eb95c3d0fd7d810ec2d45;0e02040323a3fbdf
InfoCatho;iyad_shami;1;10465de354c2216fe61eb95c3d0fd7d810ec2d45;0e02040323a3fbdf
InfoCatho;socialgnmedia;1;10465de354c2216fe61eb95c3d0fd7d810ec2d45;0e02040323a3fbdf
InfoCatho;LebbosBarbara;1;10465de354c2216fe61eb95c3d0fd7d810ec2d45;0e02040323a3fbdf
InfoCatho;LOrientLeJour;1;10465de354c2216fe61eb95c3d0fd7d810ec2d45;0e02040323a3fbdf
InfoCatho;nassdany;1;10465de354c2216fe61eb95c3d0fd7d810ec2d45;0e02040323a3fbdf
Faridppdp;TheScream666;3;d548051591154af640e6fda53e21e2b294c7b334;0e02040323a3fbdf
Faridppdp;Le_Figaro;3;d548051591154af640e6fda53e21e2b294c7b334;0e02040323a3fbdf
3bdalkremaldoba;Faridppdp;1;d548051591154af640e6fda53e21e2b294c7b334;0e02040323a3fbdf
AleteiaFR;Faridppdp;2;d548051591154af640e6fda53e21e2b294c7b334;0e02040323a3fbdf
BlackSam242;Faridppdp;1;d548051591154af640e6fda53e21e2b294c7b334;0e02040323a3fbdf
Faridppdp;MSNFrance;1;d548051591154af640e6fda53e21e2b294c7b334;0e02040323a3fbdf
Faridppdp;QuantinGregory;1;d548051591154af640e6fda53e21e2b294c7b334;0e02040323a3fbdf
3mranalroesan;Faridppdp;1;d548051591154af640e6fda53e21e2b294c7b334;0e02040323a3fbdf
Faridppdp;med391986;1;d548051591154af640e6fda53e21e2b294c7b334;0e02040323a3fbdf
Faridppdp;donboscoportal;1;d548051591154af640e6fda53e21e2b294c7b334;0e02040323a3fbdf
Faridppdp;iyad_shami;1;d548051591154af640e6fda53e21e2b294c7b334;0e02040323a3fbdf
Faridppdp;socialgnmedia;1;d548051591154af640e6fda53e21e2b294c7b334;0e02040323a3fbdf
Faridppdp;LebbosBarbara;1;d548051591154af640e6fda53e21e2b294c7b334;0e02040323a3fbdf
Faridppdp;LOrientLeJour;1;d548051591154af640e6fda53e21e2b294c7b334;0e02040323a3fbdf
Faridppdp;nassdany;1;d548051591154af640e6fda53e21e2b294c7b334;0e02040323a3fbdf
Faridppdp;InfoCatho;1;d548051591154af640e6fda53e21e2b294c7b334;0e02040323a3fbdf
RamiaHady;TheScream666;3;d548051591154af640e6fda53e21e2b294c7b334;0e02040323a3fbdf
Le_Figaro;RamiaHady;3;d548051591154af640e6fda53e21e2b294c7b334;0e02040323a3fbdf
3bdalkremaldoba;RamiaHady;1;d548051591154af640e6fda53e21e2b294c7b334;0e02040323a3fbdf
AleteiaFR;RamiaHady;2;d548051591154af640e6fda53e21e2b294c7b334;0e02040323a3fbdf
BlackSam242;RamiaHady;1;d548051591154af640e6fda53e21e2b294c7b334;0e02040323a3fbdf
MSNFrance;RamiaHady;1;d548051591154af640e6fda53e21e2b294c7b334;0e02040323a3fbdf
QuantinGregory;RamiaHady;1;d548051591154af640e6fda53e21e2b294c7b334;0e02040323a3fbdf
3mranalroesan;RamiaHady;1;d548051591154af640e6fda53e21e2b294c7b334;0e02040323a3fbdf
RamiaHady;med391986;1;d548051591154af640e6fda53e21e2b294c7b334;0e02040323a3fbdf
RamiaHady;donboscoportal;1;d548051591154af640e6fda53e21e2b294c7b334;0e02040323a3fbdf
RamiaHady;iyad_shami;1;d548051591154af640e6fda53e21e2b294c7b334;0e02040323a3fbdf
RamiaHady;socialgnmedia;1;d548051591154af640e6fda53e21e2b294c7b334;0e02040323a3fbdf
LebbosBarbara;RamiaHady;1;d548051591154af640e6fda53e21e2b294c7b334;0e02040323a3fbdf
LOrientLeJour;RamiaHady;1;d548051591154af640e6fda53e21e2b294c7b334;0e02040323a3fbdf
RamiaHady;nassdany;1;d548051591154af640e6fda53e21e2b294c7b334;0e02040323a3fbdf
InfoCatho;RamiaHady;1;d548051591154af640e6fda53e21e2b294c7b334;0e02040323a3fbdf
Faridppdp;RamiaHady;1;d548051591154af640e6fda53e21e2b294c7b334;0e02040323a3fbdf
LaManifPourTous;sabinefaivre;2;8eb281860b42302fdfebaf54f1e80739e8310225;0f2f1f1f7f390100
Neni_Lawy;atlantico_fr;12;5ce13e0f509de39d498fe20480c03435a2f518d6;1078783c1e1c1c06
Neni_Lawy;Orfrance52;2;93af2dc94e90e66fe224230af5034d0ed8e87382;1078783c1e1c1c06
Orfrance52;atlantico_fr;2;93af2dc94e90e66fe224230af5034d0ed8e87382;1078783c1e1c1c06
leplus_obs;pierrealain59;1;b3abfeb3c348d7fec12871dd5ce66825b1a1940b;1818383c3c7a5afa
Chrisbico;LaMchantePage;1;11b8f7ff3262f7b587bc9678d49e5fb134cb0b82;18f87810c0e820ff
NR_Tours;titrespresse;1;a0a7d67420441e2e9777cf2a161f9d234f3b0f7e;1a48c242473f7e60
LeSuisse_Romain;ppistoletti;1;64bb19a95434e7ba8218e2bb72fa7ec0e9eb18dc;1f3efcdc0e2e0600
Cath_point_ch;LeSuisse_Romain;1;64bb19a95434e7ba8218e2bb72fa7ec0e9eb18dc;1f3efcdc0e2e0600
Cath_point_ch;ppistoletti;1;64bb19a95434e7ba8218e2bb72fa7ec0e9eb18dc;1f3efcdc0e2e0600
JournalPatriote;LinaxFR;1;a7305233dca0414e9b6335885dbe670801110932;1fff1f1b07070414
Dirigentreprise;sucS_Stories;2;ca593d34b59926262f974f5b436437ed5295a38d;2060e0e4ecfcfabc
FFinance;sucS_Stories;1;ca593d34b59926262f974f5b436437ed5295a38d;2060e0e4ecfcfabc
Dirigentreprise;FFinance;1;ca593d34b59926262f974f5b436437ed5295a38d;2060e0e4ecfcfabc
Business_Crunch;sucS_Stories;2;ca593d34b59926262f974f5b436437ed5295a38d;2060e0e4ecfcfabc
Business_Crunch;Dirigentreprise;2;ca593d34b59926262f974f5b436437ed5295a38d;2060e0e4ecfcfabc
Business_Crunch;FFinance;1;ca593d34b59926262f974f5b436437ed5295a38d;2060e0e4ecfcfabc
VisionsMags;sucS_Stories;1;ca593d34b59926262f974f5b436437ed5295a38d;2060e0e4ecfcfabc
Dirigentreprise;VisionsMags;1;ca593d34b59926262f974f5b436437ed5295a38d;2060e0e4ecfcfabc
FFinance;VisionsMags;1;ca593d34b59926262f974f5b436437ed5295a38d;2060e0e4ecfcfabc
Business_Crunch;VisionsMags;1;ca593d34b59926262f974f5b436437ed5295a38d;2060e0e4ecfcfabc
decodeurs;newslarts;1;6c336c7eb68d1c1d6c5786bf317ca1eeb9e61582;242c3c193c303000
Neni_Lawy;newslarts;1;6c336c7eb68d1c1d6c5786bf317ca1eeb9e61582;242c3c193c303000
Neni_Lawy;decodeurs;1;6c336c7eb68d1c1d6c5786bf317ca1eeb9e61582;242c3c193c303000
alainm909;pictanews;1;dde45ef9d61f01f5d71b00f186e5c66aee1cad18;2f1f7b18d0fb3030
MarianneleMag;chgrand666;2;2f438af757a401c80bdc2cabfe8ae826e423fac5;3808003666c7f7fb
ArcaNewsEnLinea;FChretienne;1;94eed7cdf0242c8eaa5761aff9b90fd58007bdf0;38798989c9c9f9f9
Figaro_Culture;bertrandguyard;1;fc8d0143560e9ac35ab739bd39d1a767ba903be3;3c3c3c3e1e1c0c02
omsella;seldalil34;1;a862f0a6fd268665080280439f19c9438bcb3ca1;3f7e7e3e3c1c1c5c
el_sellami;seldalil34;1;a862f0a6fd268665080280439f19c9438bcb3ca1;3f7e7e3e3c1c1c5c
el_sellami;omsella;1;a862f0a6fd268665080280439f19c9438bcb3ca1;3f7e7e3e3c1c1c5c
El_Muchachos;seldalil34;1;a862f0a6fd268665080280439f19c9438bcb3ca1;3f7e7e3e3c1c1c5c
El_Muchachos;omsella;1;a862f0a6fd268665080280439f19c9438bcb3ca1;3f7e7e3e3c1c1c5c
El_Muchachos;el_sellami;1;a862f0a6fd268665080280439f19c9438bcb3ca1;3f7e7e3e3c1c1c5c
CServali;seldalil34;1;a862f0a6fd268665080280439f19c9438bcb3ca1;3f7e7e3e3c1c1c5c
CServali;omsella;1;a862f0a6fd268665080280439f19c9438bcb3ca1;3f7e7e3e3c1c1c5c
CServali;el_sellami;1;a862f0a6fd268665080280439f19c9438bcb3ca1;3f7e7e3e3c1c1c5c
CServali;El_Muchachos;1;a862f0a6fd268665080280439f19c9438bcb3ca1;3f7e7e3e3c1c1c5c
CocardeEtud;cocarde_assas;1;2dab2c9379e133cbbaad741c5d200475a3509e01;3fbfc78785818187
CocardeEtud;MaxDvchl;1;9ad8b9cd4c2e85255814e85fe9d60d2d4ce54e55;3fbfc78785818187
MaxDvchl;cocarde_assas;1;9ad8b9cd4c2e85255814e85fe9d60d2d4ce54e55;3fbfc78785818187
CocardeEtud;Cocarde_ParisIV;1;3357f5ec0f8c7e867b82be377c6f609b52a3be05;3fbfc78785818187
Cocarde_ParisIV;cocarde_assas;1;3357f5ec0f8c7e867b82be377c6f609b52a3be05;3fbfc78785818187
Cocarde_ParisIV;MaxDvchl;1;3357f5ec0f8c7e867b82be377c6f609b52a3be05;3fbfc78785818187
CocardeEtud;discours_genre;1;2dab2c9379e133cbbaad741c5d200475a3509e01;3fbfc78785818187
cocarde_assas;discours_genre;1;2dab2c9379e133cbbaad741c5d200475a3509e01;3fbfc78785818187
MaxDvchl;discours_genre;1;2dab2c9379e133cbbaad741c5d200475a3509e01;3fbfc78785818187
Cocarde_ParisIV;discours_genre;1;2dab2c9379e133cbbaad741c5d200475a3509e01;3fbfc78785818187
CocardeEtud;cocarde_CLille;1;3357f5ec0f8c7e867b82be377c6f609b52a3be05;3fbfc78785818187
cocarde_CLille;cocarde_assas;1;3357f5ec0f8c7e867b82be377c6f609b52a3be05;3fbfc78785818187
MaxDvchl;cocarde_CLille;1;3357f5ec0f8c7e867b82be377c6f609b52a3be05;3fbfc78785818187
Cocarde_ParisIV;cocarde_CLille;1;3357f5ec0f8c7e867b82be377c6f609b52a3be05;3fbfc78785818187
cocarde_CLille;discours_genre;1;3357f5ec0f8c7e867b82be377c6f609b52a3be05;3fbfc78785818187
1001portails;RTLFrance;4;9bc104941f513d1d475d9b2fc66fe672c1bb2702;4040c1d9d9d8d8d8
JeanLogronos;titrespresse;2;facbd9e77ca2cd9f07e5c86b9a370ae9df0eba8f;44565e7e78527a2b
stefrossiyellow;titrespresse;2;facbd9e77ca2cd9f07e5c86b9a370ae9df0eba8f;44565e7e78527a2b
Europe1;titrespresse;2;facbd9e77ca2cd9f07e5c86b9a370ae9df0eba8f;44565e7e78527a2b
KimJongUnique;VigiGender;1;9e3661a6bef344d7079051258498ef3cb3d287f1;4e7ef6b2b0f08cff
Fawkes_Family;monde_libre;2;30d27bb9bd8edab58de2be303e4c30d63efa7a2b;4f47464653797cfc
Fawkes_Family;revuedepresse30;1;fcc4793273ab700c5a239a44b859fdcb84828f7a;4f47464653797cfc
Fawkes_Family;LEXPRESS;1;467ebad27933c4126e88468dc91fbca475a12f7a;4f47464653797cfc
LEXPRESS;monde_libre;2;467ebad27933c4126e88468dc91fbca475a12f7a;4f47464653797cfc
LEXPRESS;revuedepresse30;1;467ebad27933c4126e88468dc91fbca475a12f7a;4f47464653797cfc
CyberActualite;NouvelGenerales;2;58c96ec0819e7b875805e525e113f80dcd53c3ea;6058181c1c3e3602
1001portails;CyberActualite;1;58c96ec0819e7b875805e525e113f80dcd53c3ea;6058181c1c3e3602
ActuaLitte;CollibrisLdL;1;25e9d95af92a9ea596400b2191538e19a4523521;6f47db4f0f8b1911
LaCroix;LeTelegramme;1;9171635f4323a1bcc7e25bf107c4f74c3bf3e0f3;707602000c2f7f7e
LaCroix;titrespresse;1;9171635f4323a1bcc7e25bf107c4f74c3bf3e0f3;707602000c2f7f7e
ManifPourTous78;pnferry;1;cd8012506ac4682ed8d733b00de8aca017fa6084;7959dcdc8c8c88f9
MsannWael;samislike_;1;23591e8ebfbdd7ef3ffe8ee16bd9750fbb6fbedb;7cf1c0809492de1f
JessicaaDouaah;samislike_;1;23591e8ebfbdd7ef3ffe8ee16bd9750fbb6fbedb;7cf1c0809492de1f
JessicaaDouaah;MsannWael;1;23591e8ebfbdd7ef3ffe8ee16bd9750fbb6fbedb;7cf1c0809492de1f
MarwaDiiKwik;samislike_;1;23591e8ebfbdd7ef3ffe8ee16bd9750fbb6fbedb;7cf1c0809492de1f
MarwaDiiKwik;MsannWael;1;23591e8ebfbdd7ef3ffe8ee16bd9750fbb6fbedb;7cf1c0809492de1f
JessicaaDouaah;MarwaDiiKwik;1;23591e8ebfbdd7ef3ffe8ee16bd9750fbb6fbedb;7cf1c0809492de1f
dufosseBelmer;radio_v_l;1;f91916d792ab2b8b0a0341c55ac7989e5a36c714;7f0f00ffaf0d0c04
BotActuality_FR;revuedepresse30;1;82daeeeb5cb52b93916fbac475f38c5bc55df53a;805fffe0f0f8fcff
1001portails;mediasurfeur;1;5db51ac571487f1dbd326ea0704357d929ae25dc;8303031bbffd7098
Gourlotpascon;mouton__noir;1;5712b51b24bd51a978368fdd014eb2be09dc4101;860fff8003011fff
_infos;infosActus;2;f9553ac61a65de6e4693f5824ea38b5e0bc18e0b;868604127a7a787a
infosActus;poznanski_serge;2;f9553ac61a65de6e4693f5824ea38b5e0bc18e0b;868604127a7a787a
_infos;poznanski_serge;2;f9553ac61a65de6e4693f5824ea38b5e0bc18e0b;868604127a7a787a
Telerama;mimibovary;1;230d3deb2d8f8b0f962d5db6b2862dbe827d9565;8f8783838189e581
MichCorto;mathieumbkza;1;c8c9244195a34db7d12a1854790dd07fab821e2d;91d18c8cede0c5fd
mathieumbkza;meithu;1;9dc2f259d7d91c9e4fc0dc6908e57d88763b585e;91d18c8cede0c5fd
MichCorto;meithu;1;9dc2f259d7d91c9e4fc0dc6908e57d88763b585e;91d18c8cede0c5fd
Bonie75;saphirnews;1;11ccec10c422271a77fbf92344e8e4dfb62c8788;9f9f1bdb0a080b09
Plumensoi;W_2_7;1;981e59b703f27f8f6809d6723ebb2274762ec898;9fde9090f0e070f4
CyberActualite;Le_Scan_Tele;1;eb230824394e38433219627be352945641d4f04c;a1216dcdfde4e4f8
LRDLJ;tassolibano;1;9697c7dff6ee6117e1ac09dea375f67236e0df50;b9b1f9fbb9b138b8
ActuaLitte;titrespresse;1;3174756fa0e3dff9533034f3650f2201893a983c;bf39393919191909
A_C_Husson;Bonie75;1;18465308cbef0379f91fdb29abf567658f6f4118;c10147c1c1dfffff
Barberis888;Charles_LS_;1;f3445370f818e359713b119b65a89701c51f0866;c1818103efe7e7c3
latourte;laurentgallois;1;42bfb75cccd105830f75f978252b86c828d82fd7;c2c9fffcf2682070
C8C57;DanielPilotte;1;db3bde9b7503d608ac2a7792b368c7159cbfe68f;c7c3d3d0fcc0e4e6
DanielPilotte;geofrance57;1;d399bddacebb20c8ddc2ca82d0a235163d97bc37;c7c3d3d0fcc0e4e6
C8C57;geofrance57;1;d399bddacebb20c8ddc2ca82d0a235163d97bc37;c7c3d3d0fcc0e4e6
chateaudupin;laurentgallois;1;5f5f08c0dfbf7f811e1eca484796ccb2dfb0a22c;cb87878fffd1c133
DinetteDina;titrespresse;1;cc00e31b8238467149c37d3fadfff9442b466c4c;cfde8e0000237775
TheScream666;stefrossiyellow;2;acd38a005cc2f91b22d7e949577431ba72586c4d;cfde8e0400012777
BFMTV;TheScream666;2;acd38a005cc2f91b22d7e949577431ba72586c4d;cfde8e0400012777
BFMTV;stefrossiyellow;2;acd38a005cc2f91b22d7e949577431ba72586c4d;cfde8e0400012777
GeoffreyVigier;iblakegary;1;1e744ecb116e6775bb232907723c21ac96d1eceb;d79105415107ffff
LesEchos;LesEchosLive;1;76a6760d5eabd7518814b2290fcb4b493165f890;d9ff9f9cac04c0e0
LesEchosLive;pgmday;1;8231175d32daa55da42d7830602f8a11904137dd;d9ff9f9cac04c0e0
LesEchos;pgmday;1;8231175d32daa55da42d7830602f8a11904137dd;d9ff9f9cac04c0e0
FoxdeoHash;LesEchosLive;1;6e1ebee653cf8a6ceeb433ae9bae809d7751bbc0;d9ff9f9cac04c0e0
FoxdeoHash;LesEchos;1;6e1ebee653cf8a6ceeb433ae9bae809d7751bbc0;d9ff9f9cac04c0e0
FoxdeoHash;pgmday;1;6e1ebee653cf8a6ceeb433ae9bae809d7751bbc0;d9ff9f9cac04c0e0
encore_fred;jgilb48;1;8f1b0a89d29cfc3de95487f476eb23b1ea2c38d9;df9f81838fefe1ff
abbeamar;jgilb48;1;8f1b0a89d29cfc3de95487f476eb23b1ea2c38d9;df9f81838fefe1ff
abbeamar;encore_fred;1;8f1b0a89d29cfc3de95487f476eb23b1ea2c38d9;df9f81838fefe1ff
CedAbdilla;ULYSSE888;1;7dece12762d04e66e8e640ce636b4dc0a9bda222;e2c2a081b39b03ff
FigaroVox;tutetrumpgrave;1;435389a299f644a9e1142412c89aa15890424b19;e4480a8cb0b03e1e
MarcNissart;lvk_res;1;e5d43204d4fe3fcd7c5a95fbebc074498e5ce41d;e7c1dffcf4ea2070
1001portails;ActusPolitiques;1;006c018b5a6f1429fc9928e10ea24b09536d5f46;e7f7f7f9d0908000
ActusPolitiques;BotActuality_FR;1;006c018b5a6f1429fc9928e10ea24b09536d5f46;e7f7f7f9d0908000
1001portails;BotActuality_FR;1;006c018b5a6f1429fc9928e10ea24b09536d5f46;e7f7f7f9d0908000
ActusPolitiques;EnviedeFrance;1;006c018b5a6f1429fc9928e10ea24b09536d5f46;e7f7f7f9d0908000
1001portails;EnviedeFrance;1;006c018b5a6f1429fc9928e10ea24b09536d5f46;e7f7f7f9d0908000
BotActuality_FR;EnviedeFrance;1;006c018b5a6f1429fc9928e10ea24b09536d5f46;e7f7f7f9d0908000
ActusPolitiques;FrancoisToup;1;006c018b5a6f1429fc9928e10ea24b09536d5f46;e7f7f7f9d0908000
1001portails;FrancoisToup;1;006c018b5a6f1429fc9928e10ea24b09536d5f46;e7f7f7f9d0908000
BotActuality_FR;FrancoisToup;2;006c018b5a6f1429fc9928e10ea24b09536d5f46;e7f7f7f9d0908000
EnviedeFrance;FrancoisToup;1;006c018b5a6f1429fc9928e10ea24b09536d5f46;e7f7f7f9d0908000
JuCOQUET;NR_Tours;1;cd0114bf1cffd20248b510e251c743ebcb695c06;ef67750534643a1f
MaisaAlicea;Xavi_Borja_HB;1;98cd4a859f955e02aea29ce710884ccb40ffeede;f40818383c787fff
gayregis;ulyssepariser;1;6bf7dea29ff66f77d0039f0ba2b0582e26ac34cc;fb91a19981a581db
plantu;ulyssepariser;1;f3217b87e741d9652c43c1499e7209e0e0e45993;fb91a19981a581db
gayregis;plantu;1;f3217b87e741d9652c43c1499e7209e0e0e45993;fb91a19981a581db
NatachaQS;ulyssepariser;1;baab77239d1315f62afd6258ec5391124fd1a3c9;fb91a19981a581db
NatachaQS;gayregis;1;baab77239d1315f62afd6258ec5391124fd1a3c9;fb91a19981a581db
NatachaQS;plantu;1;baab77239d1315f62afd6258ec5391124fd1a3c9;fb91a19981a581db
ChretienneF;djamkun;1;6906164aa3a7bff7c4544dfb2cf7b9eff07039a6;fe7e7c7c38081000
Valeurs;djamkun;1;6906164aa3a7bff7c4544dfb2cf7b9eff07039a6;fe7e7c7c38081000
ChretienneF;Valeurs;1;6906164aa3a7bff7c4544dfb2cf7b9eff07039a6;fe7e7c7c38081000
LePlus;chdauriac;1;8a9d3bd1108c3ff5dabb4d55133de94dbe2ed5dd;febfb3b38500081c
Julien_Poetevin;monzanito;1;135f6840d1b9bdbd7ecc3089cc9bc7289b308aa6;ff0f07010fffffff
Gaelle_Fit;Julien_Poetevin;1;bafbfd5653b0b94b925208552de412c88a9b3f78;ff0f07010fffffff
Gaelle_Fit;monzanito;1;bafbfd5653b0b94b925208552de412c88a9b3f78;ff0f07010fffffff
Celesthein;ManifPourTous49;1;ebe57522e4c4c8a8d486cc5cdcbd2051db52615e;ff30343424c4c0c1
libuska_c;natypatou;1;6d2619e89af9c94ea04466baef9e80b35e5ca90a;ff3b1998bc3e1a10
F3cotedazur;HautLesCrayons;1;34f1c6936cb55dac3988ab49ee3c0901691688bc;ffb9d888e12109df
ParisPasRose;Rev_de_Presse;1;5c398054d8eb7c2c633122f0ac0ee79c80f292e4;ffbd31c1c79ff040
LNicollet;antoinefilippi;1;c22a3c00667da34c376fb57d4c675159fb5e26f1;ffc3c3c3c3c3ffff
1001portails;LNicollet;1;c22a3c00667da34c376fb57d4c675159fb5e26f1;ffc3c3c3c3c3ffff
1001portails;antoinefilippi;1;c22a3c00667da34c376fb57d4c675159fb5e26f1;ffc3c3c3c3c3ffff
LNicollet;YOLANDESANDRA;1;bcc98bb2791ee19e27c960020f5ba92c02fe31d3;ffc3c3c3c3c3ffff
YOLANDESANDRA;antoinefilippi;1;bcc98bb2791ee19e27c960020f5ba92c02fe31d3;ffc3c3c3c3c3ffff
1001portails;YOLANDESANDRA;1;bcc98bb2791ee19e27c960020f5ba92c02fe31d3;ffc3c3c3c3c3ffff
LNicollet;RocioPrado7;1;80e89d4a77e30f9d0ac21d3130da6066acba79f1;ffc3c3c3c3c3ffff
RocioPrado7;antoinefilippi;1;80e89d4a77e30f9d0ac21d3130da6066acba79f1;ffc3c3c3c3c3ffff
1001portails;RocioPrado7;1;80e89d4a77e30f9d0ac21d3130da6066acba79f1;ffc3c3c3c3c3ffff
RocioPrado7;YOLANDESANDRA;1;80e89d4a77e30f9d0ac21d3130da6066acba79f1;ffc3c3c3c3c3ffff
LNicollet;LeNouvelObs;1;c22a3c00667da34c376fb57d4c675159fb5e26f1;ffc3c3c3c3c3ffff
LeNouvelObs;antoinefilippi;1;c22a3c00667da34c376fb57d4c675159fb5e26f1;ffc3c3c3c3c3ffff
1001portails;LeNouvelObs;1;c22a3c00667da34c376fb57d4c675159fb5e26f1;ffc3c3c3c3c3ffff
LeNouvelObs;YOLANDESANDRA;1;c22a3c00667da34c376fb57d4c675159fb5e26f1;ffc3c3c3c3c3ffff
LeNouvelObs;RocioPrado7;1;c22a3c00667da34c376fb57d4c675159fb5e26f1;ffc3c3c3c3c3ffff
J_Villumsen;ovial;1;a76de8aec49243b998a081b66da4a832f45a580b;ffd3c3f5e1c3c3e1
BotActuality_FR;leqgdelinfo;1;080510f40806b4aff03d6a07e8f5fb249bc9e492;ffefcfcfcf870707
BotActuality_FR;CyberActualite;1;7f305daa1e69358e3aab723df9e2a0ca67bf1ba7;ffefcfcfcf870707
CyberActualite;leqgdelinfo;1;7f305daa1e69358e3aab723df9e2a0ca67bf1ba7;ffefcfcfcf870707
BotActuality_FR;LCP;1;6d2773ae8689f6f0b25d0bf042a40eead200ef07;ffefcfcfcf870707
LCP;leqgdelinfo;1;6d2773ae8689f6f0b25d0bf042a40eead200ef07;ffefcfcfcf870707
CyberActualite;LCP;1;6d2773ae8689f6f0b25d0bf042a40eead200ef07;ffefcfcfcf870707
FrancoisToup;leqgdelinfo;1;080510f40806b4aff03d6a07e8f5fb249bc9e492;ffefcfcfcf870707
CyberActualite;FrancoisToup;1;080510f40806b4aff03d6a07e8f5fb249bc9e492;ffefcfcfcf870707
FrancoisToup;LCP;1;080510f40806b4aff03d6a07e8f5fb249bc9e492;ffefcfcfcf870707
BotActuality_FR;titrespresse;1;080510f40806b4aff03d6a07e8f5fb249bc9e492;ffefcfcfcf870707
leqgdelinfo;titrespresse;1;080510f40806b4aff03d6a07e8f5fb249bc9e492;ffefcfcfcf870707
LCP;titrespresse;1;080510f40806b4aff03d6a07e8f5fb249bc9e492;ffefcfcfcf870707
FrancoisToup;titrespresse;1;080510f40806b4aff03d6a07e8f5fb249bc9e492;ffefcfcfcf870707
24matins;infosActus;1;731150f44d79d9326f79fa4a80bab08b9cc345bc;fff3fbf9e0c4c800
24matins;poznanski_serge;1;731150f44d79d9326f79fa4a80bab08b9cc345bc;fff3fbf9e0c4c800
24matins;_infos;1;731150f44d79d9326f79fa4a80bab08b9cc345bc;fff3fbf9e0c4c800
GuegoC;TheScream666;1;93c34cbdfa706064cb8f8696a4c645d31c7c1bdc;fff3fbf9e9e0c000
GuegoC;stefrossiyellow;1;93c34cbdfa706064cb8f8696a4c645d31c7c1bdc;fff3fbf9e9e0c000
LeSuisse_Romain;TheScream666;1;2f935f3aaf323989991f61f88d4b2d0171c71c61;fff3fbf9e9e0c000
LeSuisse_Romain;stefrossiyellow;1;2f935f3aaf323989991f61f88d4b2d0171c71c61;fff3fbf9e9e0c000
GuegoC;LeSuisse_Romain;1;2f935f3aaf323989991f61f88d4b2d0171c71c61;fff3fbf9e9e0c000
BFMTV;GuegoC;1;f4e43ed5e75e4bc682f5413d90835edc1cec056d;fff3fbf9e9e0c000
BFMTV;LeSuisse_Romain;1;f4e43ed5e75e4bc682f5413d90835edc1cec056d;fff3fbf9e9e0c000
Mathieu_dxx;franceinter;1;c3e0dc8cc275aace029025c80564cd9dbb8f750f;fff3fbf9e9e0c008
GuillaumeS06;constancedalla1;1;ab1298b2cb60ada424749769c1733c67a811a476;fff7fae0c081030f
DavidDupr;titrespresse;1;9f2111b5fd2a94af77ab4970139d2cca0f8db9e0;fffce0f0f0f87230
VitryPS;marcoderouen;2;ae815a4df6603a58de168dbe027845884e759ab3;ffff1971d1111111
VitryPS;franceinfo;1;ae815a4df6603a58de168dbe027845884e759ab3;ffff1971d1111111
franceinfo;marcoderouen;2;ae815a4df6603a58de168dbe027845884e759ab3;ffff1971d1111111
JackyNECNOR;romanichel35;1;42a95f1531998838a635e00a434c098c883c469e;ffff730000000000
Bawttu;HautLesCrayons;1;226fd465cc6e8858903c75cd3745a777c355a2de;ffffc98181870787
NewsjsFr;titrespresse;1;5a94d78b4cd014f13b8030632842a77940c35b72;ffffdf1b17078383
MoncefArfa;ttelacomfin;1;58d72ce746f24837711e77c6e5f6b2fd71c978b6;ffffdf83818181a1
ornikkar;tachillon;1;0b2a04f11ebfc71a193685b913431d258e02a0bd;ffffe7bc8080e0e0
BBAUCH9;lambda_9;1;553ed70846675d43293bd5a18e6a463cc463ef5a;ffffef8f00000000
Neo_atterre;mhb_numerik;1;dcde1d788e6d3e2a82b8e8c673e0bee5aa5bb7a5;fffff3f09190b1b3
VincentCespedes;mhb_numerik;1;dcde1d788e6d3e2a82b8e8c673e0bee5aa5bb7a5;fffff3f09190b1b3
Neo_atterre;VincentCespedes;1;dcde1d788e6d3e2a82b8e8c673e0bee5aa5bb7a5;fffff3f09190b1b3
mathildesbz;mhb_numerik;1;c3cde294ca2c1ae5fe792f9c9121d5a958baa3a8;fffff3f09190b1b3
Neo_atterre;mathildesbz;1;c3cde294ca2c1ae5fe792f9c9121d5a958baa3a8;fffff3f09190b1b3
VincentCespedes;mathildesbz;1;c3cde294ca2c1ae5fe792f9c9121d5a958baa3a8;fffff3f09190b1b3
